<?xml version="1.0" encoding="UTF-8"?>
<!--
   Licensed to the Apache Software Foundation (ASF) under one or more
   contributor license agreements.  See the NOTICE file distributed with
   this work for additional information regarding copyright ownership.
   The ASF licenses this file to You under the Apache License, Version 2.0
   (the "License"); you may not use this file except in compliance with
   the License.  You may obtain a copy of the License at

        http://www.apache.org/licenses/LICENSE-2.0

   Unless required by applicable law or agreed to in writing, software
   distributed under the License is distributed on an "AS IS" BASIS,
   WITHOUT WARRANTIES OR CONDITIONS OF ANY KIND, either express or implied.
   See the License for the specific language governing permissions and
   limitations under the License.
-->
<!DOCTYPE properties SYSTEM "http://java.sun.com/dtd/properties.dtd">
<properties>
	<entry key="inputForm.urlProperty.IConverter">'${input}' ไม่ใช URL ที่ใช้งานได้จริง</entry>
	<entry key="inputForm.phoneNumberUS.IConverter">'${input}' ไม่ใช่หมายเลขโทรศัพท์ที่ใช้งานได</entry>
	<entry key="use.locale">เลือกใช้ภาษาหลัก:</entry>
	<entry key="default">ค่ามาตรฐาน</entry>
	<entry key="input">ข้อมูลนำเข้า</entry>
	<entry key="string">ข้อมูลชนิดข้อความ</entry>
	<entry key="integer">จำนวนเต็ม</entry>
	<entry key="double">Double</entry>
	<entry key="date">วันที</entry>
	<entry key="boolean">Boolean</entry>
	<entry key="value.between.0.and.100">ค่าระหว่าง 0 และ 100</entry>
	<entry key="valid.url">URL (ต้องเป็น URL ที่ใช้งานได)</entry>
	<entry key="us.phone.number.mask">หมายเลขโทรศัพท์ (รูปแบบ: '(###) ###-####')</entry>
	<entry key="select.a.number">เลือกตัวเลขหนึ่งตัว</entry>
	<entry key="select.one.or.more.numbers">เลือกตัวเลขหนึ่งตัวหรือมากกว่า</entry>
	<entry key="your.favorite.sites">เวปไซด์ที่ชอบ</entry>
	<entry key="save">บันทึก</entry>
	<entry key="reset">ล้างข้อมูลเพื่อเริ่มใหม</entry>
</properties>