<?xml version="1.0" encoding="UTF-8"?>
<!--
   Licensed to the Apache Software Foundation (ASF) under one or more
   contributor license agreements.  See the NOTICE file distributed with
   this work for additional information regarding copyright ownership.
   The ASF licenses this file to You under the Apache License, Version 2.0
   (the "License"); you may not use this file except in compliance with
   the License.  You may obtain a copy of the License at

        http://www.apache.org/licenses/LICENSE-2.0

   Unless required by applicable law or agreed to in writing, software
   distributed under the License is distributed on an "AS IS" BASIS,
   WITHOUT WARRANTIES OR CONDITIONS OF ANY KIND, either express or implied.
   See the License for the specific language governing permissions and
   limitations under the License.
-->
<!DOCTYPE properties SYSTEM "http://java.sun.com/dtd/properties.dtd">
<properties>
	<entry key="inputForm.urlProperty.IConverter">'${input}' یک آدرس معتبر نمی باشد</entry>
	<entry key="inputForm.phoneNumberUS.IConverter">'${input}' یک شماره معتبر در ایالات متحده نمی باشุ</entry>
	<entry key="use.locale">استفاده از محلی سازی:</entry>
	<entry key="default">standard</entry>
				<entry key="input">فرم ورودی</entry>
				<entry key="string">رشته</entry>
				<entry key="integer">عدد صحیح</entry>
				<entry key="double">اعشاری بزرگ</entry>
				<entry key="date">تاریخ</entry>
				<entry key="boolean">متغیر بولی</entry>
				<entry key="value.between.0.and.100">عدد بین 0 تا 100</entry>
				<entry key="valid.url">آدرس (باید یک آدرس معتبر باشد)</entry>
				<entry key="us.phone.number.mask">شماره تلفن ایالات متحده (ماسک: '(###) ###-####')</entry>
				<entry key="select.a.number">یک شماره انتخاب کنید</entry>
				<entry key="select.one.or.more.numbers">یک یا چند شماره انتخاب کنید (انتخاب گروهی)</entry>
				<entry key="your.favorite.sites">سایت های محبوب شما</entry>
				<entry key="save">ذخيره</entry>
				<entry key="reset">بازنشاني</entry>
</properties>