<?xml version="1.0" encoding="UTF-8"?>
<!--
   Licensed to the Apache Software Foundation (ASF) under one or more
   contributor license agreements.  See the NOTICE file distributed with
   this work for additional information regarding copyright ownership.
   The ASF licenses this file to You under the Apache License, Version 2.0
   (the "License"); you may not use this file except in compliance with
   the License.  You may obtain a copy of the License at

        http://www.apache.org/licenses/LICENSE-2.0

   Unless required by applicable law or agreed to in writing, software
   distributed under the License is distributed on an "AS IS" BASIS,
   WITHOUT WARRANTIES OR CONDITIONS OF ANY KIND, either express or implied.
   See the License for the specific language governing permissions and
   limitations under the License.
-->
<!DOCTYPE properties SYSTEM "http://java.sun.com/dtd/properties.dtd">
<properties>
	<entry key="inputForm.urlProperty.IConverter">'${input}' は正しいURLではありません。</entry>
	<entry key="inputForm.phoneNumberUS.IConverter">'${input}' は正しい電話番号ではありません。ุ</entry>
	<entry key="use.locale">使用するロケール:</entry>
	<entry key="default">standard</entry>
	<entry key="input">input</entry>
	<entry key="string">String</entry>
	<entry key="integer">Integer</entry>
	<entry key="double">Double</entry>
	<entry key="date">Datum</entry>
	<entry key="boolean">Boolean</entry>
	<entry key="value.between.0.and.100">0から100の値</entry>
	<entry key="valid.url">URL (有効なURLを入力してください)</entry>
	<entry key="us.phone.number.mask">電話番号 (形式: '(###) ###-####')</entry>
	<entry key="select.a.number">番号を選択してください</entry>
	<entry key="select.one.or.more.numbers">1つ以上の番号を選択してください</entry>
	<entry key="your.favorite.sites">お気に入り</entry>
	<entry key="save">保存</entry>
	<entry key="reset">リセット</entry>
</properties>